"Byrne , B.",AL,1,REP,2016,1
"Roby , M.",AL,2,REP,2016,134450
"Mathis , N.",AL,2,DEM,2016,111640
"Rogers , M.",AL,3,REP,2016,190724
"Smith , J.",AL,3,DEM,2016,93567
"Aderholt , R.",AL,4,REP,2016,1
"Brooks , M.",AL,5,REP,2016,204791
"Boyd , W.",AL,5,DEM,2016,101577
"Palmer , G.",AL,6,REP,2016,240897
"Putman , D.",AL,6,DEM,2016,81296
"Sewell , T.",AL,7,DEM,2016,1
"Young , D.",AK,1,REP,2016,125729
"Lindbeck , S.",AK,1,DEM,2016,90784
"McDermott , J.",AK,1,LIB,2016,25104
"Souphanavong , B.",AK,1,OTHER,2016,7158
"O'Halleran , T.",AZ,1,DEM,2016,117048
"Babeu , P.",AZ,1,REP,2016,100236
"Parrish , R.",AZ,1,GRE,2016,13122
"McSally , M.",AZ,2,REP,2016,157677
"Heinz , M.",AZ,2,DEM,2016,120572
"Grijalva , R.",AZ,3,DEM,2016,1
"Gosar , P.",AZ,4,REP,2016,171901
"Weisser , M.",AZ,4,DEM,2016,68460
"Biggs , A.",AZ,5,REP,2016,157980
"Fuentes , T.",AZ,5,DEM,2016,92225
"Schweikert , D.",AZ,6,REP,2016,158978
"Williamson , J.",AZ,6,DEM,2016,99008
"Gallego , R.",AZ,7,DEM,2016,88219
"Nunez , E.",AZ,7,REP,2016,30040
"Franks , T.",AZ,8,REP,2016,165593
"Salazar , M.",AZ,8,GRE,2016,75963
"Sinema , K.",AZ,9,DEM,2016,132281
"Giles , D.",AZ,9,REP,2016,84137
"Crawford , R.",AR,1,REP,2016,183068
"West , M.",AR,1,LIB,2016,56200
"Hill , F.",AR,2,REP,2016,176100
"Curry , D.",AR,2,DEM,2016,111049
"Hayes , C.",AR,2,LIB,2016,14287
"Womack , S.",AR,3,REP,2016,214268
"Isaacson , S.",AR,3,LIB,2016,62793
"Westerman , B.",AR,4,REP,2016,181921
"Hicks , K.",AR,4,LIB,2016,60969
"La Malfa , D.",CA,1,REP,2016,164907
"Reed , J.",CA,1,DEM,2016,112183
"Huffman , J.",CA,2,DEM,2016,177724
"Mensing , D.",CA,2,REP,2016,52818
"Garamendi , J.",CA,3,DEM,2016,127623
"Cleek , E.",CA,3,REP,2016,91544
"McClintock , T.",CA,4,REP,2016,196613
"Derlet , R.",CA,4,DEM,2016,116541
"Thompson , M.",CA,5,DEM,2016,172810
"Santamaria , C.",CA,5,REP,2016,51098
"Matsui , D.",CA,6,DEM,2016,145704
"Evans , R.",CA,6,REP,2016,47926
"Bera , A.",CA,7,DEM,2016,129064
"Jones , S.",CA,7,REP,2016,123056
"Cook , P.",CA,8,REP,2016,129690
"Ramirez , R.",CA,8,DEM,2016,76999
"McNerney , J.",CA,9,DEM,2016,106256
"Amador , T.",CA,9,REP,2016,78121
"Denham , J.",CA,10,REP,2016,110659
"Eggman , M.",CA,10,DEM,2016,100646
"DeSaulnier , M.",CA,11,DEM,2016,194345
"Petersen , R.",CA,11,REP,2016,76473
"Pelosi , N.",CA,12,DEM,2016,250378
"Picus , P.",CA,12,OTHER,2016,58577
"Lee , B.",CA,13,DEM,2016,277390
"Caro , S.",CA,13,REP,2016,28413
"Speier , J.",CA,14,DEM,2016,213612
"Cardenas , A.",CA,14,REP,2016,50485
"Swalwell , E.",CA,15,DEM,2016,188179
"Turner , D.",CA,15,REP,2016,66959
"Costa , J.",CA,16,DEM,2016,72111
"Tacherra , J.",CA,16,REP,2016,52570
"Khanna , R.",CA,17,DEM,2016,135607
"Honda , M.",CA,17,DEM,2016,86505
"Eshoo , A.",CA,18,DEM,2016,220139
"Fox , R.",CA,18,REP,2016,88907
"Lofgren , Z.",CA,19,DEM,2016,171688
"Lancaster , B.",CA,19,REP,2016,60420
"Panetta , J.",CA,20,DEM,2016,144870
"Lucius , C.",CA,20,REP,2016,60324
"Valadao , D.",CA,21,REP,2016,68481
"Huerta , E.",CA,21,DEM,2016,49643
"Nunes , D.",CA,22,REP,2016,143333
"Campos , L.",CA,22,DEM,2016,66802
"McCarthy , K.",CA,23,REP,2016,151346
"Reed , W.",CA,23,DEM,2016,64842
"Carbajal , S.",CA,24,DEM,2016,155492
"Fareed , J.",CA,24,REP,2016,136532
"Knight , S.",CA,25,REP,2016,112768
"Caforio , B.",CA,25,DEM,2016,95296
"Brownley , J.",CA,26,DEM,2016,148550
"Dagnesses , R.",CA,26,REP,2016,99597
"Chu , J.",CA,27,DEM,2016,133766
"Orswell , J.",CA,27,REP,2016,67421
"Schiff , A.",CA,28,DEM,2016,168082
"Solis , L.",CA,28,REP,2016,47619
"Cardenas , T.",CA,29,DEM,2016,98879
"Alarcon , R.",CA,29,DEM,2016,32656
"Sherman , B.",CA,30,DEM,2016,159974
"Reed , M.",CA,30,REP,2016,60865
"Aguilar , P.",CA,31,DEM,2016,111870
"Chabot , P.",CA,31,REP,2016,89070
"Napolitano , G.",CA,32,DEM,2016,93059
"Hernandez , R.",CA,32,DEM,2016,56050
"Lieu , T.",CA,33,DEM,2016,173778
"Wright , K.",CA,33,REP,2016,88507
"Becerra , X.",CA,34,DEM,2016,97305
"Edwards , A.",CA,34,DEM,2016,27091
"Torres , N.",CA,35,DEM,2016,109767
"Fischella , T.",CA,35,REP,2016,43189
"Ruiz , R.",CA,36,DEM,2016,132252
"Stone , J.",CA,36,REP,2016,83049
"Bass , K.",CA,37,DEM,2016,150535
"Wiggins , C.",CA,37,DEM,2016,33082
"Sanchez , L.",CA,38,DEM,2016,131099
"Downing , R.",CA,38,REP,2016,56883
"Royce , E.",CA,39,REP,2016,138907
"Murdock , B.",CA,39,DEM,2016,101651
"Roybal-Allard , L.",CA,40,DEM,2016,82789
"Gonzalez , R.",CA,40,OTHER,2016,32404
"Takano , M.",CA,41,DEM,2016,115859
"Shepherd , D.",CA,41,REP,2016,64153
"Calvert , K.",CA,42,REP,2016,139915
"Sheridan , T.",CA,42,DEM,2016,97123
"Waters , M.",CA,43,DEM,2016,128551
"Navarro , O.",CA,43,REP,2016,41507
"Barragan , N.",CA,44,DEM,2016,70303
"Hall , I.",CA,44,DEM,2016,67177
"Walters , M.",CA,45,REP,2016,171736
"Varasteh , R.",CA,45,DEM,2016,119521
"Correa , L.",CA,46,DEM,2016,103475
"Nguyen , B.",CA,46,DEM,2016,44652
"Lowenthal , A.",CA,47,DEM,2016,127832
"Whallon , A.",CA,47,REP,2016,76670
"Rohrabacher , D.",CA,48,REP,2016,165987
"Savary , S.",CA,48,DEM,2016,117716
"Issa , D.",CA,49,OTHER,2016,134428
"Applegate , D.",CA,49,DEM,2016,129100
"Hunter , D.",CA,50,REP,2016,148880
"Malloy , P.",CA,50,DEM,2016,84142
"Vargas , J.",CA,51,DEM,2016,108932
"Hidalgo , J.",CA,51,REP,2016,42676
"Peters , S.",CA,52,DEM,2016,148651
"Gitsham , D.",CA,52,REP,2016,115013
"Davis , S.",CA,53,DEM,2016,151269
"Veltmeyer , J.",CA,53,REP,2016,77436
"DeGette , D.",CO,1,DEM,2016,189837
"Stockham , C.",CO,1,REP,2016,79561
"Dinges , D.",CO,1,LIB,2016,10549
"Polis , J.",CO,2,DEM,2016,251988
"Morse , N.",CO,2,REP,2016,166020
"Longstreth , R.",CO,2,LIB,2016,25858
"Tipton , S.",CO,3,REP,2016,191917
"Schwartz , G.",CO,3,DEM,2016,142794
"Kent , G.",CO,3,LIB,2016,16996
"Buck , K.",CO,4,REP,2016,241424
"Seay , B.",CO,4,DEM,2016,119249
"Griffith , B.",CO,4,LIB,2016,17925
"Lamborn , D.",CO,5,REP,2016,222169
"Plowright , M.",CO,5,DEM,2016,109573
"McRedmond , M.",CO,5,LIB,2016,24320
"Coffman , M.",CO,6,REP,2016,180727
"Carroll , M.",CO,6,DEM,2016,149417
"Olsen , N.",CO,6,LIB,2016,17102
"Worthey , R.",CO,6,GRE,2016,5038
"Perlmutter , E.",CO,7,DEM,2016,185208
"Athanasopoulos , G.",CO,7,REP,2016,134244
"Buchanan , M.",CO,7,LIB,2016,15831
"Larson , J.",CT,1,DEM,2016,193040
"Corey , M.",CT,1,REP,2016,104214
"DeRosa , M.",CT,1,GRE,2016,6283
"Courtney , J.",CT,2,DEM,2016,207584
"Novak , D.",CT,2,REP,2016,111587
"Pelto , J.",CT,2,GRE,2016,5332
"Reale , D.",CT,2,LIB,2016,5016
"DeLauro , R.",CT,3,DEM,2016,208900
"Cadena , A.",CT,3,REP,2016,95370
"Himes , J.",CT,4,DEM,2016,185928
"Shaban , J.",CT,4,REP,2016,123630
"Esty , E.",CT,5,DEM,2016,174788
"Cope , C.",CT,5,REP,2016,126842
"Rochester , L.",DE,1,DEM,2016,233542
"Reigle , H.",DE,1,REP,2016,172290
"Perri , M.",DE,1,GRE,2016,8325
"Gesty , S.",DE,1,LIB,2016,6436
"Gaetz , M.",FL,1,REP,2016,254280
"Specht , S.",FL,1,DEM,2016,113586
"Dunn , N.",FL,2,REP,2016,230838
"Dartland , W.",FL,2,DEM,2016,102596
"Lapham , R.",FL,2,LIB,2016,9384
"Yoho , T.",FL,3,REP,2016,193261
"McGurn , K.",FL,3,DEM,2016,135688
"Wells , T.",FL,3,OTHER,2016,12438
"Rutherford , J.",FL,4,REP,2016,286018
"Bruderly , D.",FL,4,DEM,2016,112253
"Koniz , G.",FL,4,OTHER,2016,8990
"Lawson , A.",FL,5,DEM,2016,193430
"Smith , G.",FL,5,REP,2016,107784
"DeSantis , R.",FL,6,REP,2016,213180
"McCullough , B.",FL,6,DEM,2016,150677
"Murphy , S.",FL,7,DEM,2016,181758
"Mica , J.",FL,7,REP,2016,171412
"Posey , B.",FL,8,REP,2016,246257
"Westbrook , C.",FL,8,DEM,2016,126962
"Stinson , B.",FL,8,OTHER,2016,16924
"Soto , D.",FL,9,DEM,2016,194963
"Liebnitzky , W.",FL,9,REP,2016,144281
"Demings , V.",FL,10,DEM,2016,198309
"Lowe , T.",FL,10,REP,2016,107423
"Webster , D.",FL,11,REP,2016,257881
"Koller , D.",FL,11,DEM,2016,124599
"Riggs , B.",FL,11,OTHER,2016,11961
"Bilirakis , G.",FL,12,REP,2016,253347
"Tager , R.",FL,12,DEM,2016,115909
"Crist , C.",FL,13,DEM,2016,184371
"Jolly , D.",FL,13,REP,2016,170964
"Castor , K.",FL,14,DEM,2016,194851
"Quinn , C.",FL,14,REP,2016,120584
"Ross , D.",FL,15,REP,2016,182498
"Lange , J.",FL,15,DEM,2016,134945
"Buchanan , V.",FL,16,REP,2016,230187
"Schneider , J.",FL,16,DEM,2016,154854
"Rooney , T.",FL,17,REP,2016,209135
"Freeman , A.",FL,17,DEM,2016,115801
"Sawyer , J.",FL,17,OTHER,2016,13336
"Mast , B.",FL,18,REP,2016,201011
"Perkins , R.",FL,18,DEM,2016,161328
"Spalding , C.",FL,18,OTHER,2016,12451
"Rooney , F.",FL,19,REP,2016,238975
"Neeld , R.",FL,19,DEM,2016,123625
"Hastings , A.",FL,20,DEM,2016,220452
"Stein , G.",FL,20,REP,2016,54079
"Frankel , L.",FL,21,DEM,2016,208999
"Spain , P.",FL,21,REP,2016,117273
"Trout , M.",FL,21,OTHER,2016,7148
"Deutch , T.",FL,22,DEM,2016,197396
"McGee , A.",FL,22,REP,2016,137691
"Wasserman Schultz , D.",FL,23,DEM,2016,180979
"Kaufman , J.",FL,23,REP,2016,129400
"Endriss , D.",FL,23,OTHER,2016,5100
"Milstein , L.",FL,23,OTHER,2016,3835
"Wilson , F.",FL,24,DEM,2016,1
"Diaz-Balart , M.",FL,25,REP,2016,157748
"Valdes , A.",FL,25,DEM,2016,95008
"Curbelo , C.",FL,26,REP,2016,148445
"Garcia , J.",FL,26,DEM,2016,115348
"Peixoto , J.",FL,26,OTHER,2016,16491
"Ros-Lehtinen , I.",FL,27,REP,2016,157763
"Fuhrman , S.",FL,27,DEM,2016,129548
"Carter , B.",GA,1,REP,2016,1
"Bishop , S.",GA,2,DEM,2016,146284
"Duke , G.",GA,2,REP,2016,93392
"Ferguson , D.",GA,3,REP,2016,206930
"Pendley , A.",GA,3,DEM,2016,95736
"Johnson , H.",GA,4,DEM,2016,214278
"Armendariz , V.",GA,4,REP,2016,69075
"Lewis , J.",GA,5,DEM,2016,241773
"Bell , D.",GA,5,REP,2016,44032
"Price , T.",GA,6,REP,2016,191792
"Stooksbury , R.",GA,6,DEM,2016,119536
"Woodall , R.",GA,7,REP,2016,173638
"Malik , R.",GA,7,DEM,2016,113593
"Scott , A.",GA,8,REP,2016,171529
"Harris , J.",GA,8,DEM,2016,81903
"Collins , D.",GA,9,REP,2016,1
"Hice , J.",GA,10,REP,2016,1
"Loudermilk , B.",GA,11,REP,2016,216772
"Wilson , D.",GA,11,DEM,2016,104401
"Allen , R.",GA,12,REP,2016,158705
"McCracken , T.",GA,12,DEM,2016,98870
"Scott , D.",GA,13,DEM,2016,1
"Graves , T.",GA,14,REP,2016,1
"Hanabusa , C.",HI,1,DEM,2016,135069
"Ostrov , S.",HI,1,REP,2016,42569
"Yim , A.",HI,1,LIB,2016,6127
"Griffin , C.",HI,1,OTHER,2016,4040
"Gabbard , T.",HI,2,DEM,2016,163484
"Kaaihue , A.",HI,2,REP,2016,38098
"Labrador , R.",ID,1,REP,2016,236397
"Piotrowski , J.",ID,1,DEM,2016,111035
"Simpson , M.",ID,2,REP,2016,208887
"Martinez , J.",ID,2,DEM,2016,97250
"Tomkins , A.",ID,2,OTHER,2016,25575
"Rush , B.",IL,1,DEM,2016,221551
"Deuser , A.",IL,1,REP,2016,80161
"Kelly , R.",IL,2,DEM,2016,229184
"Morrow , J.",IL,2,REP,2016,58788
"Lipinski , D.",IL,3,DEM,2016,1
"Gutierrez , L.",IL,4,DEM,2016,1
"Quigley , M.",IL,5,DEM,2016,201983
"Kolber , V.",IL,5,REP,2016,82931
"Sherman , R.",IL,5,GRE,2016,13867
"Roskam , P.",IL,6,REP,2016,205746
"Howland , A.",IL,6,DEM,2016,140023
"Davis , D.",IL,7,DEM,2016,232322
"Leef , J.",IL,7,REP,2016,44242
"Krishnamoorthi , R.",IL,8,DEM,2016,141138
"DiCianni , P.",IL,8,REP,2016,101893
"Schakowsky , J.",IL,9,DEM,2016,203834
"McCarthy Lasonde , J.",IL,9,REP,2016,105920
"Schneider , B.",IL,10,DEM,2016,147299
"Dold , R.",IL,10,REP,2016,133383
"Foster , B.",IL,11,DEM,2016,157659
"Khouri , T.",IL,11,REP,2016,105762
"Bost , M.",IL,12,REP,2016,169233
"Baricevic , C.",IL,12,DEM,2016,123754
"Bradshaw , P.",IL,12,GRE,2016,18713
"Davis , R.",IL,13,REP,2016,186791
"Wicklund , M.",IL,13,DEM,2016,125932
"Hultgren , R.",IL,14,REP,2016,197962
"Walz , J.",IL,14,DEM,2016,134362
"Shimkus , J.",IL,15,REP,2016,1
"Kinzinger , A.",IL,16,REP,2016,1
"Bustos , C.",IL,17,DEM,2016,170746
"Harlan , P.",IL,17,REP,2016,113141
"LaHood , D.",IL,18,REP,2016,248701
"Rodriguez , J.",IL,18,DEM,2016,95741
"Visclosky , P.",IN,1,DEM,2016,207299
"Dunn , D.",IN,1,LIB,2016,47009
"Walorski , J.",IN,2,REP,2016,164276
"Coleman , L.",IN,2,DEM,2016,102332
"Cenkush , R.",IN,2,LIB,2016,10594
"Banks , J.",IN,3,REP,2016,201216
"Schrader , T.",IN,3,DEM,2016,65908
"Snyder , P.",IN,3,LIB,2016,19782
"Rokita , T.",IN,4,REP,2016,193272
"Dale , J.",IN,4,DEM,2016,91153
"Mayoras , S.",IN,4,LIB,2016,14758
"Brooks , S.",IN,5,REP,2016,221785
"Demaree , A.",IN,5,DEM,2016,123791
"Wittlief , M.",IN,5,LIB,2016,15324
"Messer , L.",IN,6,REP,2016,204844
"Welsh , B.",IN,6,DEM,2016,79075
"Turvey , R.",IN,6,LIB,2016,12325
"Carson , A.",IN,7,DEM,2016,158606
"Ping , C.",IN,7,REP,2016,94396
"Thompson , D.",IN,7,LIB,2016,11470
"Bucshon , L.",IN,8,REP,2016,187569
"Drake , R.",IN,8,DEM,2016,93130
"Horning , A.",IN,8,LIB,2016,13630
"Hollingsworth , T.",IN,9,REP,2016,174698
"Yoder , S.",IN,9,DEM,2016,130539
"Brooksbank , R.",IN,9,LIB,2016,17417
"Blum , R.",IA,1,REP,2016,206273
"Vernon , M.",IA,1,DEM,2016,176447
"Loebsack , D.",IA,2,DEM,2016,197802
"Peters , C.",IA,2,REP,2016,170529
"Young , D.",IA,3,REP,2016,208264
"Mowrer , J.",IA,3,DEM,2016,154780
"Holder , B.",IA,3,LIB,2016,15337
"Addy , C.",IA,3,OTHER,2016,6335
"Grandanette , J.",IA,3,OTHER,2016,4511
"King , S.",IA,4,REP,2016,225842
"Weaver , K.",IA,4,DEM,2016,142018
"Marshall , R.",KS,1,REP,2016,166051
"LaPolice , A.",KS,1,IND,2016,66218
"Burt , K.",KS,1,LIB,2016,18415
"Jenkins , L.",KS,2,REP,2016,177851
"Potter , B.",KS,2,DEM,2016,94561
"Bales , J.",KS,2,LIB,2016,18700
"Yoder , K.",KS,3,REP,2016,171647
"Sidie , J.",KS,3,DEM,2016,135778
"Hohe , S.",KS,3,LIB,2016,26897
"Pompeo , M.",KS,4,REP,2016,163406
"Giroux , D.",KS,4,DEM,2016,78822
"Allen , M.",KS,4,IND,2016,18358
"Bakken , G.",KS,4,LIB,2016,7420
"Comer , J.",KY,1,REP,2016,216957
"Gaskins , S.",KY,1,DEM,2016,81710
"Guthrie , B.",KY,2,REP,2016,1
"Yarmuth , J.",KY,3,DEM,2016,212388
"Bratcher , H.",KY,3,REP,2016,122085
"Corley , E.",KY,3,OTHER,2016,0
"Massie , T.",KY,4,REP,2016,233922
"Sidle , C.",KY,4,DEM,2016,94064
"Rogers , H.",KY,5,REP,2016,1
"Barr , A.",KY,6,REP,2016,202094
"Kemper , N.",KY,6,DEM,2016,128725
"Scalise , S.",LA,1,REP,2016,243575
"Dugas , L.",LA,1,DEM,2016,41816
"Faust , D.",LA,1,DEM,2016,12698
"Kearney , H.",LA,1,LIB,2016,9395
"Swider , J.",LA,1,DEM,2016,9231
"Barron , E.",LA,1,GRE,2016,6712
"Yang , C.",LA,1,OTHER,2016,3233
"Richmond , C.",LA,2,DEM,2016,198169
"Holden , K.",LA,2,DEM,2016,57083
"Cutno , K.",LA,2,DEM,2016,28826
"S. Angelle , Winner*",LA,3,REP,2016,91374
"C. Higgins , Winner*",LA,3,REP,2016,84809
"Hebert , J.",LA,3,DEM,2016,28358
"Rader , L.",LA,3,DEM,2016,27807
"Rantz , G.",LA,3,REP,2016,25640
"Ellison , G.",LA,3,REP,2016,24845
"Geymann , B.",LA,3,REP,2016,21606
"Barrilleaux , B.",LA,3,REP,2016,6215
"McLendon , G.",LA,3,LIB,2016,2934
"Rees , G.",LA,3,REP,2016,2455
"Scelfo , K.",LA,3,OTHER,2016,2667
"Vidrine , H.",LA,3,REP,2016,1354
"M. Jones , Winner*",LA,4,DEM,2016,80558
"M. Johnson , Winner*",LA,4,REP,2016,70556
"Baucum , T.",LA,4,REP,2016,50395
"Jenkins , O.",LA,4,REP,2016,44500
"Guillory , E.",LA,4,REP,2016,21011
"John , R.",LA,4,REP,2016,13215
"Halverson , M.",LA,4,OTHER,2016,3145
"Krefft , K.",LA,4,OTHER,2016,2492
"Abraham , R.",LA,5,REP,2016,208504
"Burkette , B.",LA,5,REP,2016,47106
"Graves , G.",LA,6,REP,2016,207453
"Lieberman , R.",LA,6,DEM,2016,49352
"Bell , B.",LA,6,REP,2016,33585
"Sampson , J.",LA,6,DEM,2016,29809
"Fontanesi , R.",LA,6,LIB,2016,7598
"Graham , D.",LA,6,OTHER,2016,3215
"Pingree , C.",ME,1,DEM,2016,225428
"Holbrook , M.",ME,1,REP,2016,164048
"Poliquin , B.",ME,2,REP,2016,192285
"Cain , E.",ME,2,DEM,2016,157862
"Harris , A.",MD,1,REP,2016,229135
"Werner , J.",MD,1,DEM,2016,94776
"Beers , M.",MD,1,LIB,2016,14207
"Ruppersberger , D.",MD,2,DEM,2016,172324
"McDonough , P.",MD,2,REP,2016,92099
"Kasprzak , K.",MD,2,LIB,2016,12530
"Sarbanes , J.",MD,3,DEM,2016,194362
"Plaster , M.",MD,3,REP,2016,106627
"Eze , N.",MD,3,GRE,2016,8430
"Brown , A.",MD,4,DEM,2016,218215
"McDermott , G.",MD,4,REP,2016,63674
"Clark , K.",MD,4,GRE,2016,7357
"Krause , B.",MD,4,LIB,2016,5274
"Hoyer , S.",MD,5,DEM,2016,223582
"Arness , M.",MD,5,REP,2016,98768
"Summers , J.",MD,5,LIB,2016,10033
"Delaney , J.",MD,6,DEM,2016,167229
"Hoeber , A.",MD,6,REP,2016,123611
"Howser , D.",MD,6,LIB,2016,6216
"Gluck , G.",MD,6,GRE,2016,4997
"Cummings , E.",MD,7,DEM,2016,211962
"Vaughn , C.",MD,7,REP,2016,61854
"Hoenig , M.",MD,7,GRE,2016,8428
"Raskin , J.",MD,8,DEM,2016,191671
"Cox , D.",MD,8,REP,2016,115200
"Wallace , N.",MD,8,GRE,2016,9761
"Wunder , J.",MD,8,LIB,2016,6540
"Neal , R.",MA,1,DEM,2016,233310
"Mayock , F.",MA,1,IND,2016,57226
"Simmons , T.",MA,1,LIB,2016,27427
"McGovern , J.",MA,2,DEM,2016,1
"Tsongas , N.",MA,3,DEM,2016,234361
"Wofford , A.",MA,3,REP,2016,106882
"Kennedy , J.",MA,4,DEM,2016,261356
"Rosa , D.",MA,4,REP,2016,111890
"Clark , K.",MA,5,DEM,2016,1
"Moulton , S.",MA,6,DEM,2016,1
"Capuano , M.",MA,7,DEM,2016,1
"Lynch , S.",MA,8,DEM,2016,267944
"Burke , W.",MA,8,REP,2016,102146
"Keating , B.",MA,9,DEM,2016,209911
"Alliegro , M.",MA,9,REP,2016,127199
"Harrington , P.",MA,9,IND,2016,26086
"Cataldo , C.",MA,9,OTHER,2016,8266
"Raduc , A.",MA,9,OTHER,2016,5261
"Bergman , J.",MI,1,REP,2016,201153
"Johnson , L.",MI,1,DEM,2016,144319
"Bostow , D.",MI,1,LIB,2016,13385
"Boal , E.",MI,1,GRE,2016,4773
"Huizenga , B.",MI,2,REP,2016,213095
"Murphy , D.",MI,2,DEM,2016,110077
"Haas , E.",MI,2,LIB,2016,8166
"Brady , M.",MI,2,GRE,2016,5362
"Graeser , R.",MI,2,OTHER,2016,2898
"Amash , J.",MI,3,REP,2016,203069
"Smith , D.",MI,3,DEM,2016,128159
"Gerrard , T.",MI,3,OTHER,2016,10374
"Moolenaar , J.",MI,4,REP,2016,194569
"Wirth , D.",MI,4,DEM,2016,101275
"Schwartz , L.",MI,4,LIB,2016,8514
"Zimmer , G.",MI,4,OTHER,2016,5595
"Salvi , J.",MI,4,GRE,2016,3953
"Butkovich , K.",MI,4,OTHER,2016,1838
"Kildee , D.",MI,5,DEM,2016,195076
"Hardwick , A.",MI,5,REP,2016,111908
"Sluka , S.",MI,5,LIB,2016,6999
"Mikkelson , H.",MI,5,GRE,2016,4894
"Upton , F.",MI,6,REP,2016,192862
"Clements , P.",MI,6,DEM,2016,119871
"Wenke , L.",MI,6,LIB,2016,16239
"Walberg , T.",MI,7,REP,2016,183549
"Driskell , G.",MI,7,DEM,2016,133697
"Proctor , K.",MI,7,LIB,2016,16402
"Bishop , M.",MI,8,REP,2016,205617
"Shkreli , S.",MI,8,DEM,2016,143775
"Wood , J.",MI,8,LIB,2016,9615
"Green , M.",MI,8,GRE,2016,5677
"Burgess , J.",MI,8,OTHER,2016,2250
"Levin , S.",MI,9,DEM,2016,199620
"Morse , C.",MI,9,REP,2016,128907
"Orlando , M.",MI,9,LIB,2016,9562
"McDermott , J.",MI,9,GRE,2016,6612
"Mitchell , P.",MI,10,REP,2016,214164
"Accavitti , F.",MI,10,DEM,2016,109875
"Gioia , L.",MI,10,LIB,2016,10582
"Nofs , B.",MI,10,GRE,2016,5113
"Trott , D.",MI,11,REP,2016,200787
"Kumar , A.",MI,11,DEM,2016,152359
"Bentivolio , K.",MI,11,IND,2016,16597
"Osment , J.",MI,11,LIB,2016,9535
"Dingell , D.",MI,12,DEM,2016,210922
"Jones , J.",MI,12,REP,2016,95823
"Walkowicz , G.",MI,12,OTHER,2016,9177
"Bagwell , T.",MI,12,LIB,2016,7478
"Calewarts , D.",MI,12,GRE,2016,4370
"Conyers , J.",MI,13,DEM,2016,197173
"Gorman , J.",MI,13,REP,2016,40483
"Hayden , T.",MI,13,LIB,2016,9600
"Johnson , S.",MI,13,OTHER,2016,8778
"Lawrence , B.",MI,14,DEM,2016,244220
"Klausner , H.",MI,14,REP,2016,58111
"Creswell , G.",MI,14,LIB,2016,4898
"Squier , M.",MI,14,GRE,2016,3851
"Walz , T.",MN,1,DEM,2016,169076
"Hagedorn , J.",MN,1,REP,2016,166527
"Lewis , J.",MN,2,REP,2016,174030
"Craig , A.",MN,2,DEM,2016,167071
"Overby , P.",MN,2,IND,2016,28845
"Paulsen , E.",MN,3,REP,2016,223075
"Bonoff , T.",MN,3,DEM,2016,169238
"McCollum , B.",MN,4,DEM,2016,202558
"Ryan , G.",MN,4,REP,2016,120871
"Pendergast Sindt , S.",MN,4,OTHER,2016,27109
"Ellison , K.",MN,5,DEM,2016,249957
"Drake , F.",MN,5,REP,2016,80660
"Schuller , D.",MN,5,OTHER,2016,30759
"Emmer , T.",MN,6,REP,2016,235384
"Snyder , D.",MN,6,DEM,2016,123012
"Peterson , C.",MN,7,DEM,2016,173571
"Hughes , D.",MN,7,REP,2016,156950
"Nolan , R.",MN,8,DEM,2016,179106
"Mills , S.",MN,8,REP,2016,177095
"Kelly , T.",MS,1,REP,2016,203142
"Owens , J.",MS,1,DEM,2016,82133
"Wilson , C.",MS,1,LIB,2016,6070
"Toole , C.",MS,1,REP,2016,3742
"Thompson , B.",MS,2,DEM,2016,181108
"Bouie , J.",MS,2,REP,2016,79773
"Ray , T.",MS,2,IND,2016,6622
"McLeod , J.",MS,2,REP,2016,3623
"Harper , G.",MS,3,REP,2016,201280
"Quinn , D.",MS,3,DEM,2016,91992
"Gerrard , R.",MS,3,OTHER,2016,8434
"Sheets , L.",MS,3,REP,2016,2020
"Palazzo , S.",MS,4,REP,2016,174783
"Gladney , M.",MS,4,DEM,2016,74176
"McCluskey , R.",MS,4,LIB,2016,14212
"O'Hara , S.",MS,4,REP,2016,5063
"Clay , L.",MO,1,DEM,2016,231604
"Bailey , S.",MO,1,REP,2016,61252
"Cunningham , R.",MO,1,LIB,2016,13954
"Wagner , A.",MO,2,REP,2016,238826
"Otto , B.",MO,2,DEM,2016,153331
"Higgins , J.",MO,2,LIB,2016,11621
"Arnold , D.",MO,2,GRE,2016,3839
"Luetkemeyer , B.",MO,3,REP,2016,248880
"Miller , K.",MO,3,DEM,2016,102484
"Hogan , D.",MO,3,LIB,2016,11906
"Simmons , D.",MO,3,OTHER,2016,3586
"Hartzler , V.",MO,4,REP,2016,225034
"Christensen , G.",MO,4,DEM,2016,92385
"Bliss , M.",MO,4,LIB,2016,14355
"Cleaver , E.",MO,5,DEM,2016,185494
"Turk , J.",MO,5,REP,2016,122367
"Welborn , R.",MO,5,LIB,2016,9594
"Graves , S.",MO,6,REP,2016,236938
"Blackwell , D.",MO,6,DEM,2016,98588
"Monchil , R.",MO,6,LIB,2016,8051
"Diel , M.",MO,6,GRE,2016,4202
"Long , B.",MO,7,REP,2016,228001
"Williams , G.",MO,7,DEM,2016,92390
"Brixey , B.",MO,7,LIB,2016,17076
"Smith , J.",MO,8,REP,2016,229648
"Cowell , D.",MO,8,DEM,2016,69949
"Shell , J.",MO,8,LIB,2016,9059
"Zinke , R.",MT,1,REP,2016,280472
"Juneau , D.",MT,1,DEM,2016,201758
"Breckenridge , R.",MT,1,LIB,2016,15949
"Fortenberry , J.",NE,1,REP,2016,187258
"Wik , D.",NE,1,DEM,2016,81939
"Bacon , D.",NE,2,REP,2016,134291
"Ashford , B.",NE,2,DEM,2016,128739
"Laird , S.",NE,2,LIB,2016,9057
"Smith , A.",NE,3,REP,2016,1
"Titus , D.",NV,1,DEM,2016,116045
"Perry , M.",NV,1,REP,2016,54053
"D'Silva , R.",NV,1,OTHER,2016,13806
"Bakari , K.",NV,1,IND,2016,3722
"Amodei , M.",NV,2,REP,2016,182452
"Evans , C.",NV,2,DEM,2016,115395
"Everhart , J.",NV,2,IND,2016,8660
"Knight , D.",NV,2,OTHER,2016,6204
"Rosen , J.",NV,3,DEM,2016,146653
"Tarkanian , D.",NV,3,REP,2016,142726
"Markowitz , W.",NV,3,IND,2016,11580
"Goossen , D.",NV,3,OTHER,2016,9551
"Kihuen , R.",NV,4,DEM,2016,128680
"Hardy , C.",NV,4,REP,2016,118220
"Brown , S.",NV,4,LIB,2016,10184
"Little , M.",NV,4,IND,2016,8307
"Shea-Porter , C.",NH,1,DEM,2016,161828
"Guinta , F.",NH,1,REP,2016,157011
"O'Connor , S.",NH,1,IND,2016,34612
"Lombardo , R.",NH,1,LIB,2016,6842
"Kelly , B.",NH,1,IND,2016,6046
"Kuster , A.",NH,2,DEM,2016,174386
"Lawrence , J.",NH,2,REP,2016,158960
"Babiarz , J.",NH,2,IND,2016,16843
"Norcross , D.",NJ,1,DEM,2016,178655
"Patterson , B.",NJ,1,REP,2016,110235
"Tomaszewski , S.",NJ,1,IND,2016,5365
"Sihr , W.",NJ,1,LIB,2016,2352
"Berman , M.",NJ,1,IND,2016,1916
"LoBiondo , F.",NJ,2,REP,2016,167816
"Cole , D.",NJ,2,DEM,2016,104726
"Ordille , J.",NJ,2,LIB,2016,3562
"Keenan , J.",NJ,2,IND,2016,2490
"Beechwood , E.",NJ,2,IND,2016,1322
"Fenichel , S.",NJ,2,IND,2016,1460
"Franco , G.",NJ,2,IND,2016,1159
"MacArthur , T.",NJ,3,REP,2016,177522
"LaVergne , F.",NJ,3,DEM,2016,115212
"Berlinski , L.",NJ,3,OTHER,2016,5541
"Smith , C.",NJ,4,REP,2016,206137
"Phillipson , L.",NJ,4,DEM,2016,108373
"Schroeder , H.",NJ,4,IND,2016,5684
"Marcus , J.",NJ,4,LIB,2016,3168
"Gottheimer , J.",NJ,5,DEM,2016,156863
"Garrett , S.",NJ,5,REP,2016,146643
"Belusic , C.",NJ,5,LIB,2016,6890
"Pallone , F.",NJ,6,DEM,2016,150971
"Sonnek-Schmelz , B.",NJ,6,REP,2016,85613
"Malliah , R.",NJ,6,GRE,2016,1695
"Shamy , J.",NJ,6,LIB,2016,1536
"Lance , L.",NJ,7,REP,2016,184309
"Jacob , P.",NJ,7,DEM,2016,146350
"O'Neill , D.",NJ,7,LIB,2016,5252
"Haussmann , A.",NJ,7,IND,2016,4208
"Sires , A.",NJ,8,DEM,2016,124381
"Khan , A.",NJ,8,REP,2016,30085
"Olivera , P.",NJ,8,IND,2016,4102
"Delaney , D.",NJ,8,LIB,2016,3114
"Pascrell , B.",NJ,9,DEM,2016,151823
"Castillo , H.",NJ,9,REP,2016,61384
"Rivera , D.",NJ,9,LIB,2016,3082
"Boss , J.",NJ,9,IND,2016,1819
"Payne Jr. , D.",NJ,10,DEM,2016,181591
"Pinckney , D.",NJ,10,REP,2016,25452
"Miller , J.",NJ,10,IND,2016,3448
"Fraser , A.",NJ,10,IND,2016,1636
"Frelinghuysen , R.",NJ,11,REP,2016,192538
"Wenzel , J.",NJ,11,DEM,2016,128232
"Depasquale , T.",NJ,11,IND,2016,6914
"Hetrick , J.",NJ,11,LIB,2016,3420
"Watson Coleman , B.",NJ,12,DEM,2016,162383
"Uccio , S.",NJ,12,REP,2016,83633
"Forchion , E.",NJ,12,IND,2016,5437
"Shapiro , R.",NJ,12,IND,2016,2501
"Fitzpatrick , T.",NJ,12,LIB,2016,2215
"Welzer , S.",NJ,12,GRE,2016,1873
"Bollentin , M.",NJ,12,IND,2016,1154
"Lujan Grisham , M.",NM,1,DEM,2016,179380
"Priem , R.",NM,1,REP,2016,96061
"Pearce , S.",NM,2,REP,2016,142499
"Soules , M.",NM,2,DEM,2016,84514
"Lujan , B.",NM,3,DEM,2016,167848
"Romero , M.",NM,3,REP,2016,100529
"Zeldin , L.",NY,1,REP,2016,174682
"Throne-Holst , A.",NY,1,DEM,2016,121640
"King , P.",NY,2,REP,2016,171915
"Gregory , D.",NY,2,DEM,2016,103643
"Suozzi , T.",NY,3,DEM,2016,156315
"Martins , J.",NY,3,REP,2016,142023
"Rice , K.",NY,4,DEM,2016,173796
"Gurfein , D.",NY,4,REP,2016,118821
"Meeks , G.",NY,5,DEM,2016,184179
"O'Reilly , M.",NY,5,REP,2016,28030
"Francois , F.",NY,5,GRE,2016,3269
"Meng , G.",NY,6,DEM,2016,126018
"Maio , D.",NY,6,REP,2016,47278
"Bhatti , H.",NY,6,OTHER,2016,1979
"Velazquez , N.",NY,7,DEM,2016,158972
"Romaguera , A.",NY,7,REP,2016,16255
"Jeffries , H.",NY,8,DEM,2016,199747
"Cavanagh , D.",NY,8,OTHER,2016,14468
"Clarke , Y.",NY,9,DEM,2016,200266
"Bellone , A.",NY,9,OTHER,2016,16617
"Nadler , J.",NY,10,DEM,2016,170286
"Rosenthal , P.",NY,10,REP,2016,49530
"Donovan , D.",NY,11,REP,2016,134366
"Reichard , R.",NY,11,DEM,2016,78066
"Bardel , H.",NY,11,GRE,2016,3607
"Maloney , C.",NY,12,DEM,2016,219165
"Ardini , R.",NY,12,REP,2016,44981
"Espaillat , A.",NY,13,DEM,2016,187382
"Evans , T.",NY,13,REP,2016,14501
"Vila Rivera , D.",NY,13,GRE,2016,7448
"Fenstermaker , S.",NY,13,OTHER,2016,1714
"Crowley , J.",NY,14,DEM,2016,134603
"Spotorno , F.",NY,14,REP,2016,28332
"Serrano , J.",NY,15,DEM,2016,150058
"Vega , A.",NY,15,REP,2016,5606
"Ramirez , E.",NY,15,OTHER,2016,1899
"Engel , E.",NY,16,DEM,2016,192671
"Lawrence , D.",NY,16,OTHER,2016,10840
"Lowey , N.",NY,17,DEM,2016,1
"Maloney , S.",NY,18,DEM,2016,149056
"Oliva , P.",NY,18,REP,2016,120967
"Faso , J.",NY,19,REP,2016,153143
"Teachout , Z.",NY,19,DEM,2016,126641
"Tonko , P.",NY,20,DEM,2016,195005
"Vitollo , J.",NY,20,REP,2016,93407
"Stefanik , E.",NY,21,REP,2016,164212
"Derrick , M.",NY,21,DEM,2016,72637
"Funiciello , M.",NY,21,GRE,2016,11394
"Tenney , C.",NY,22,REP,2016,120777
"Myers , K.",NY,22,DEM,2016,103955
"Babinec , M.",NY,22,REP,2016,32303
"Reed , T.",NY,23,REP,2016,149779
"Plumb , J.",NY,23,DEM,2016,107822
"Katko , J.",NY,24,REP,2016,170532
"Deacon , C.",NY,24,DEM,2016,108928
"Slaughter , L.",NY,25,DEM,2016,169199
"Assini , M.",NY,25,REP,2016,134285
"Higgins , B.",NY,26,DEM,2016,193518
"Schratz , S.",NY,26,REP,2016,66688
"Collins , C.",NY,27,REP,2016,207510
"Kastenbaum , D.",NY,27,DEM,2016,99222
"Butterfield , G.",NC,1,DEM,2016,237938
"Dew , H.",NC,1,REP,2016,100633
"Summerell , J.",NC,1,LIB,2016,8259
"Holding , G.",NC,2,REP,2016,219342
"McNeil , J.",NC,2,DEM,2016,167299
"Jones , W.",NC,3,REP,2016,214850
"Reeves , E.",NC,3,DEM,2016,104007
"Price , D.",NC,4,DEM,2016,275501
"Googe , S.",NC,4,REP,2016,128331
"Foxx , V.",NC,5,REP,2016,204943
"Brannon , J.",NC,5,DEM,2016,145597
"Walker , M.",NC,6,REP,2016,205973
"Glidewell , P.",NC,6,DEM,2016,141480
"Rouzer , D.",NC,7,REP,2016,209933
"Casteen , J.",NC,7,DEM,2016,134344
"Hudson , R.",NC,8,REP,2016,187909
"Mills , T.",NC,8,DEM,2016,131428
"Pittenger , R.",NC,9,REP,2016,191660
"Cano , C.",NC,9,DEM,2016,137335
"McHenry , P.",NC,10,REP,2016,219589
"Millard , A.",NC,10,DEM,2016,128114
"Meadows , M.",NC,11,REP,2016,229130
"Bryson , R.",NC,11,DEM,2016,127972
"Adams , A.",NC,12,DEM,2016,232451
"Threatt , L.",NC,12,REP,2016,114242
"Budd , T.",NC,13,REP,2016,196736
"Davis , B.",NC,13,DEM,2016,153691
"Cramer , K.",ND,1,REP,2016,233245
"Iron Eyes , C.",ND,1,DEM,2016,80186
"Seaman , J.",ND,1,LIB,2016,23454
"Chabot , S.",OH,1,REP,2016,205283
"Young , M.",OH,1,DEM,2016,139279
"Wenstrup , B.",OH,2,REP,2016,215265
"Smith , W.",OH,2,DEM,2016,107859
"Beatty , J.",OH,3,DEM,2016,189536
"Adams , J.",OH,3,REP,2016,88040
"Jordan , J.",OH,4,REP,2016,205669
"Garrett , J.",OH,4,DEM,2016,96334
"Latta , B.",OH,5,REP,2016,240036
"Neu , J.",OH,5,DEM,2016,98045
"Johnson , B.",OH,6,REP,2016,209177
"Lorentz , M.",OH,6,DEM,2016,86938
"Gibbs , B.",OH,7,REP,2016,194146
"Rich , R.",OH,7,DEM,2016,87602
"Phillip , D.",OH,7,IND,2016,21062
"Davidson , W.",OH,8,REP,2016,219453
"Fought , S.",OH,8,DEM,2016,85313
"Hendricks , D.",OH,8,GRE,2016,13371
"Kaptur , M.",OH,9,DEM,2016,187926
"Larson , D.",OH,9,REP,2016,86311
"Turner , M.",OH,10,REP,2016,210256
"Klepinger , R.",OH,10,DEM,2016,105947
"McMasters , T.",OH,10,IND,2016,10463
"Fudge , M.",OH,11,DEM,2016,233285
"Goldstein , B.",OH,11,REP,2016,58066
"Tiberi , P.",OH,12,REP,2016,243970
"Albertson , E.",OH,12,DEM,2016,109455
"Manchik , J.",OH,12,GRE,2016,12848
"Ryan , T.",OH,13,DEM,2016,203430
"Morckel , R.",OH,13,REP,2016,97312
"Joyce , D.",OH,14,REP,2016,214618
"Wager , M.",OH,14,DEM,2016,127547
"Stivers , S.",OH,15,REP,2016,216186
"Wharton , S.",OH,15,DEM,2016,110272
"Renacci , J.",OH,16,REP,2016,221495
"Mundy , K.",OH,16,DEM,2016,117296
"Bridenstine , J.",OK,1,REP,2016,1
"Mullin , M.",OK,2,REP,2016,189612
"Harris-Till , J.",OK,2,DEM,2016,62307
"McCarthy , J.",OK,2,IND,2016,16618
"Lucas , F.",OK,3,REP,2016,227276
"Robbins , F.",OK,3,DEM,2016,63008
"Cole , T.",OK,4,REP,2016,203942
"Owen , C.",OK,4,DEM,2016,76380
"White , S.",OK,4,LIB,2016,12548
"Russell , S.",OK,5,REP,2016,160012
"McAffrey , A.",OK,5,DEM,2016,103122
"Knight , Z.",OK,5,LIB,2016,17084
"Bonamici , S.",OR,1,DEM,2016,207190
"Heinrich , B.",OR,1,REP,2016,129495
"Sheahan , K.",OR,1,LIB,2016,10894
"Walden , G.",OR,2,REP,2016,267179
"Crary , J.",OR,2,DEM,2016,103383
"Blumenauer , E.",OR,3,DEM,2016,256159
"Walker , D.",OR,3,OTHER,2016,71758
"Delk , D.",OR,3,OTHER,2016,25059
"DeFazio , P.",OR,4,DEM,2016,216442
"Robinson , A.",OR,4,REP,2016,155271
"Beilstein , M.",OR,4,OTHER,2016,11807
"Guthrie , G.",OR,4,LIB,2016,6349
"Schrader , K.",OR,5,DEM,2016,178405
"Willis , C.",OR,5,REP,2016,143839
"Sandnes , M.",OR,5,OTHER,2016,10583
"Brady , R.",PA,1,DEM,2016,237882
"Williams , D.",PA,1,REP,2016,51516
"Evans , D.",PA,2,DEM,2016,310770
"Jones , J.",PA,2,REP,2016,33911
"Kelly , M.",PA,3,REP,2016,1
"Perry , S.",PA,4,REP,2016,216772
"Burkholder , J.",PA,4,DEM,2016,111158
"Thompson , G.",PA,5,REP,2016,200627
"Strano Taylor , K.",PA,5,DEM,2016,97686
"Costello , R.",PA,6,REP,2016,203671
"Parrish , M.",PA,6,DEM,2016,151800
"Meehan , P.",PA,7,REP,2016,219314
"Balchunis , M.",PA,7,DEM,2016,147808
"Fitzpatrick , B.",PA,8,REP,2016,206607
"Santarsiero , S.",PA,8,DEM,2016,172571
"Shuster , B.",PA,9,REP,2016,183798
"Halvorson , A.",PA,9,DEM,2016,105958
"Marino , T.",PA,10,REP,2016,208106
"Molesevich , M.",PA,10,DEM,2016,87956
"Barletta , L.",PA,11,REP,2016,194889
"Marsicano , M.",PA,11,DEM,2016,111025
"Rothfus , K.",PA,12,REP,2016,217449
"McClelland , E.",PA,12,DEM,2016,133607
"Boyle , B.",PA,13,DEM,2016,1
"Doyle , M.",PA,14,DEM,2016,252709
"McAllister , L.",PA,14,REP,2016,87334
"Dent , C.",PA,15,REP,2016,184562
"Daugherty , R.",PA,15,DEM,2016,120233
"Rizzo , P.",PA,15,LIB,2016,11310
"Smucker , L.",PA,16,REP,2016,167698
"Hartman , C.",PA,16,DEM,2016,132969
"House , S.",PA,16,LIB,2016,10408
"Cartwright , M.",PA,17,DEM,2016,155766
"Connolly , M.",PA,17,REP,2016,133719
"Murphy , T.",PA,18,REP,2016,1
"Cicilline , D.",RI,1,DEM,2016,129272
"Taub , R.",RI,1,REP,2016,70608
"Langevin , J.",RI,2,DEM,2016,131968
"Reis , R.",RI,2,REP,2016,69918
"Johnson , J.",RI,2,IND,2016,16116
"Caiozzo , S.",RI,2,IND,2016,8867
"Sanford , M.",SC,1,REP,2016,186735
"Cherny , D.",SC,1,DEM,2016,117487
"Grier , M.",SC,1,LIB,2016,11451
"Travison , A.",SC,1,OTHER,2016,2730
"Wilson , J.",SC,2,REP,2016,183766
"Bjorn , A.",SC,2,DEM,2016,109488
"McCain , E.",SC,2,OTHER,2016,11436
"Duncan , J.",SC,3,REP,2016,196793
"Cleveland , H.",SC,3,DEM,2016,72993
"Gowdy , T.",SC,4,REP,2016,197235
"Fedalei , C.",SC,4,DEM,2016,91106
"Chandler , M.",SC,4,OTHER,2016,5045
"Mulvaney , M.",SC,5,REP,2016,175139
"Person , F.",SC,5,DEM,2016,114936
"Barnes , R.",SC,5,OTHER,2016,6190
"Clyburn , J.",SC,6,DEM,2016,179351
"Sterling , L.",SC,6,REP,2016,70636
"Piotrowski , R.",SC,6,LIB,2016,3135
"Mallory , P.",SC,6,GRE,2016,2518
"Rice , T.",SC,7,REP,2016,170826
"Hyman , M.",SC,7,DEM,2016,110378
"Noem , K.",SD,1,REP,2016,237141
"Hawks , P.",SD,1,DEM,2016,132792
"Roe , P.",TN,1,REP,2016,196563
"Bohms , A.",TN,1,DEM,2016,38513
"Franklin , R.",TN,1,IND,2016,15605
"Duncan , J.",TN,2,REP,2016,212313
"Starr , S.",TN,2,DEM,2016,68373
"Fleischmann , C.",TN,3,REP,2016,176440
"Shekari , M.",TN,3,DEM,2016,76664
"Mitchell , C.",TN,3,IND,2016,5069
"Tyler , R.",TN,3,IND,2016,5091
"Kersting , T.",TN,3,IND,2016,2489
"DesJarlais , S.",TN,4,REP,2016,165594
"Reynolds , S.",TN,4,DEM,2016,89018
"Cooper , J.",TN,5,DEM,2016,170729
"Snyder , S.",TN,5,REP,2016,102220
"Black , D.",TN,6,REP,2016,202038
"Kent , D.",TN,6,DEM,2016,61940
"Ross , D.",TN,6,IND,2016,20241
"Blackburn , M.",TN,7,REP,2016,199057
"Chandler , T.",TN,7,DEM,2016,64938
"Ladner , L.",TN,7,IND,2016,11810
"Kustoff , D.",TN,8,REP,2016,193353
"Hobson , R.",TN,8,DEM,2016,70426
"Godwin , S.",TN,8,IND,2016,6418
"Hart , J.",TN,8,IND,2016,4045
"Montague , A.",TN,8,IND,2016,2472
"Rawles , M.",TN,8,IND,2016,2432
"Talley-Lane , K.",TN,8,IND,2016,1970
"Cohen , S.",TN,9,DEM,2016,169911
"Alberson , W.",TN,9,REP,2016,40580
"Cook , P.",TN,9,IND,2016,5165
"Gohmert , L.",TX,1,REP,2016,192066
"McKellar , S.",TX,1,DEM,2016,62635
"Gray , P.",TX,1,LIB,2016,5044
"Poe , T.",TX,2,REP,2016,168524
"Bryan , P.",TX,2,DEM,2016,100077
"Veasaw , J.",TX,2,LIB,2016,6418
"Darr , J.",TX,2,GRE,2016,2872
"Johnson , S.",TX,3,REP,2016,193063
"Bell , A.",TX,3,DEM,2016,108780
"Jameson , S.",TX,3,LIB,2016,10408
"Blair , P.",TX,3,GRE,2016,2893
"Ratcliffe , J.",TX,4,REP,2016,215705
"Wommack , C.",TX,4,LIB,2016,29437
"Hensarling , J.",TX,5,REP,2016,155149
"Ashby , K.",TX,5,LIB,2016,37311
"Barton , J.",TX,6,REP,2016,159213
"Woolridge , R.",TX,6,DEM,2016,106510
"Smith , D.",TX,6,GRE,2016,7172
"Culberson , J.",TX,7,REP,2016,143369
"Cargas , J.",TX,7,DEM,2016,111774
"Brady , K.",TX,8,REP,2016,1
"Green , A.",TX,9,DEM,2016,151884
"Martin , J.",TX,9,REP,2016,36454
"McCaul , M.",TX,10,REP,2016,178926
"Cadien , T.",TX,10,DEM,2016,119728
"Kelsey , B.",TX,10,LIB,2016,13174
"Conaway , M.",TX,11,REP,2016,201476
"Landholt , N.",TX,11,LIB,2016,23613
"Granger , K.",TX,12,REP,2016,196331
"Bradshaw , B.",TX,12,DEM,2016,75938
"Colliver , E.",TX,12,LIB,2016,10586
"Thornberry , M.",TX,13,REP,2016,198730
"DeWeese , C.",TX,13,LIB,2016,14687
"Tomlinson , R.",TX,13,GRE,2016,7437
"Weber , R.",TX,14,REP,2016,160340
"Cole , M.",TX,14,DEM,2016,98815
"Gonzalez , V.",TX,15,DEM,2016,101592
"Westley , T.",TX,15,REP,2016,66732
"Tijerina , V.",TX,15,GRE,2016,5439
"Leone , R.",TX,15,LIB,2016,3435
"O'Rourke , B.",TX,16,DEM,2016,148027
"Perez , J.",TX,16,LIB,2016,17144
"Gourdoux , M.",TX,16,GRE,2016,7413
"Flores , B.",TX,17,REP,2016,149157
"Matta , W.",TX,17,DEM,2016,86352
"Patterson , C.",TX,17,LIB,2016,9685
"Jackson Lee , S.",TX,18,DEM,2016,149928
"Bartley , L.",TX,18,REP,2016,48248
"Kleven , T.",TX,18,GRE,2016,5838
"Arrington , J.",TX,19,REP,2016,175980
"Bonar , T.",TX,19,LIB,2016,17339
"Lawson , M.",TX,19,GRE,2016,9761
"Castro , J.",TX,20,DEM,2016,149522
"Blunt , J.",TX,20,LIB,2016,29023
"Pipkin , P.",TX,20,GRE,2016,8969
"Smith , L.",TX,21,REP,2016,202523
"Wakely , T.",TX,21,DEM,2016,129253
"Loewe , M.",TX,21,LIB,2016,14698
"Diaz , T.",TX,21,GRE,2016,8520
"Olson , P.",TX,22,REP,2016,181663
"Gibson , M.",TX,22,DEM,2016,123462
"Hurd , W.",TX,23,REP,2016,109816
"Gallego , P.",TX,23,DEM,2016,106049
"Corvalan , R.",TX,23,LIB,2016,10717
"Marchant , K.",TX,24,REP,2016,154364
"McDowell , J.",TX,24,DEM,2016,107845
"Kolls , M.",TX,24,LIB,2016,8574
"McCormick , K.",TX,24,GRE,2016,3742
"Williams , R.",TX,25,REP,2016,180579
"Thomas , K.",TX,25,DEM,2016,116552
"Schneiderman , L.",TX,25,LIB,2016,12092
"Burgess , M.",TX,26,REP,2016,210313
"Mauck , E.",TX,26,DEM,2016,93954
"Boler , M.",TX,26,LIB,2016,12734
"Farenthold , B.",TX,27,REP,2016,141722
"Barrera , R.",TX,27,DEM,2016,87931
"Cuellar , H.",TX,28,DEM,2016,121980
"Hardin , Z.",TX,28,REP,2016,57683
"Cary , M.",TX,28,GRE,2016,4607
"Green , G.",TX,29,DEM,2016,95508
"Garza , J.",TX,29,REP,2016,31619
"Perez , R.",TX,29,LIB,2016,3229
"Partsch-Galvan , J.",TX,29,GRE,2016,1453
"Johnson , E.",TX,30,DEM,2016,169905
"Lingerfelt , C.",TX,30,REP,2016,41365
"Woods , J.",TX,30,LIB,2016,4740
"Prentice , T.",TX,30,GRE,2016,2051
"Carter , J.",TX,31,REP,2016,165678
"Clark , M.",TX,31,DEM,2016,103543
"Ballard , S.",TX,31,LIB,2016,14638
"Sessions , P.",TX,32,REP,2016,162212
"Rankin , E.",TX,32,LIB,2016,43297
"Stuard , G.",TX,32,GRE,2016,22692
"Veasey , M.",TX,33,DEM,2016,92914
"Mitchell , M.",TX,33,REP,2016,33156
"Vela , F.",TX,34,DEM,2016,104513
"Gonzalez , R.",TX,34,REP,2016,62240
"Doggett , L.",TX,35,DEM,2016,124161
"Narvaiz , S.",TX,35,REP,2016,62212
"Smith , R.",TX,35,LIB,2016,6484
"Trimble , S.",TX,35,GRE,2016,4064
"Babin , B.",TX,36,REP,2016,203779
"Ridley , H.",TX,36,GRE,2016,25911
"Bishop , R.",UT,1,REP,2016,157106
"Clemens , P.",UT,1,DEM,2016,65403
"Bowden , C.",UT,1,LIB,2016,13734
"Fairbanks , C.",UT,1,OTHER,2016,4068
"Stewart , C.",UT,2,REP,2016,149838
"Albarran , C.",UT,2,DEM,2016,83131
"McCollaum , P.",UT,2,OTHER,2016,10724
"Chaffetz , J.",UT,3,REP,2016,186743
"Tryon , S.",UT,3,DEM,2016,68104
"Love , M.",UT,4,REP,2016,123459
"Owens , D.",UT,4,DEM,2016,96284
"Simonsen , C.",UT,4,OTHER,2016,10959
"Welch , P.",VT,1,DEM,2016,263400
"Clawson , E.",VT,1,LIB,2016,29326
"Wittman , R.",VA,1,REP,2016,221826
"Rowe , M.",VA,1,DEM,2016,130320
"Parker , G.",VA,1,IND,2016,12150
"Taylor , S.",VA,2,REP,2016,172586
"Brown , S.",VA,2,DEM,2016,106979
"Scott , R.",VA,3,DEM,2016,199748
"Williams , M.",VA,3,REP,2016,99047
"McEachin , D.",VA,4,DEM,2016,191939
"Wade , M.",VA,4,REP,2016,143261
"Garrett , T.",VA,5,REP,2016,206577
"Dittmar , J.",VA,5,DEM,2016,147656
"Goodlatte , R.",VA,6,REP,2016,223915
"Degner , K.",VA,6,DEM,2016,111699
"Brat , D.",VA,7,REP,2016,217968
"Bedell , E.",VA,7,DEM,2016,158692
"Beyer , D.",VA,8,DEM,2016,245775
"Hernick , C.",VA,8,REP,2016,98123
"Gracia , J.",VA,8,IND,2016,14617
"Griffith , M.",VA,9,REP,2016,212666
"Kitts , D.",VA,9,DEM,2016,87822
"Boyd , J.",VA,9,IND,2016,9098
"Comstock , B.",VA,10,REP,2016,204019
"Bennett , L.",VA,10,DEM,2016,181977
"Connolly , G.",VA,11,DEM,2016,1
"DelBene , S.",WA,1,DEM,2016,179521
"Sutherland , R.",WA,1,REP,2016,144212
"Larsen , R.",WA,2,DEM,2016,195661
"Hennemann , M.",WA,2,REP,2016,109838
"Herrera Beutler , J.",WA,3,REP,2016,183375
"Moeller , J.",WA,3,DEM,2016,115277
"Newhouse , D.",WA,4,REP,2016,121256
"Didier , C.",WA,4,REP,2016,90091
"McMorris Rodgers , C.",WA,5,REP,2016,170711
"Pakootas , J.",WA,5,DEM,2016,116110
"Kilmer , D.",WA,6,DEM,2016,189168
"Bloom , T.",WA,6,REP,2016,117388
"Jayapal , P.",WA,7,DEM,2016,192566
"Walkinshaw , B.",WA,7,DEM,2016,150803
"Reichert , D.",WA,8,REP,2016,174729
"Ventrella , T.",WA,8,DEM,2016,116268
"Smith , A.",WA,9,DEM,2016,186787
"Basler , D.",WA,9,REP,2016,68998
"Heck , D.",WA,10,DEM,2016,159208
"Postma , J.",WA,10,REP,2016,112164
"McKinley , D.",WV,1,REP,2016,162339
"Manypenny , M.",WV,1,DEM,2016,73025
"Mooney , A.",WV,2,REP,2016,140153
"Hunt , M.",WV,2,DEM,2016,100551
"Jenkins , E.",WV,3,REP,2016,139700
"Detch , M.",WV,3,DEM,2016,49309
"Lawhorn , Z.",WV,3,LIB,2016,16777
"Ryan , P.",WI,1,REP,2016,230063
"Solen , R.",WI,1,DEM,2016,106857
"Zimmerman , S.",WI,1,IND,2016,9435
"Lebeck , J.",WI,1,LIB,2016,7493
"Pocan , M.",WI,2,DEM,2016,275016
"Theron , P.",WI,2,REP,2016,125033
"Kind , R.",WI,3,DEM,2016,1
"Moore , G.",WI,4,DEM,2016,220389
"Raymond , R.",WI,4,IND,2016,33496
"Craig , A.",WI,4,LIB,2016,32184
"Sensenbrenner , J.",WI,5,REP,2016,260703
"Penebaker , K.",WI,5,DEM,2016,114469
"Arndt , J.",WI,5,LIB,2016,15324
"Grothman , G.",WI,6,REP,2016,203920
"Lloyd , S.",WI,6,DEM,2016,132908
"Dahlke , J.",WI,6,IND,2016,19690
"Duffy , S.",WI,7,REP,2016,222834
"Hoeft , M.",WI,7,DEM,2016,137910
"Gallagher , M.",WI,8,REP,2016,227732
"Nelson , T.",WI,8,DEM,2016,135648
"Cheney , L.",WY,1,REP,2016,156040
"Greene , R.",WY,1,DEM,2016,75419
"Cummings , D.",WY,1,OTHER,2016,10381
"Struempf , L.",WY,1,LIB,2016,9028
